Comparison,Outcome,Estimator,ATE,CI_Lower,CI_Upper,p_value,Significant_5pct,Baseline_Mean,Relative_Lift_Pct,CI_Width
Mens,Conversion,Diff-in-Means,0.007524778862680644,0.0055178417133892755,0.009531716011972013,2.000621890374532e-13,Yes,0.0063937948744824695,117.68877498263063,0.004013874298582737
Womens,Conversion,Diff-in-Means,0.003463303279267401,0.0016647880156781692,0.005261818542856633,0.0001604796676917264,Yes,0.0063937948744824695,54.1666310423781,0.0035970305271784634
Mens,Spend,Diff-in-Means,0.851223019816558,0.5346128145182478,1.1678332251148682,1.3674964693954905e-07,Yes,0.7289099103820555,116.7802780141091,0.6332204105966204
Womens,Spend,Diff-in-Means,0.4726187221411531,0.18764121042026383,0.7575962338620423,0.0011518337053482153,Yes,0.7289099103820555,64.83911323052689,0.5699550234417785
Mens,Conversion,LinearDML,0.00716807982730353,0.005158895267452977,0.009177264387154084,2.7007338531715205e-12,Yes,0.0063937948744824695,112.10994359408086,0.0040183691197011075
Mens,Conversion,CausalForestDML,0.007289533758060087,-0.010207490656358592,0.024786558172478757,0.0,Yes,0.0063937948744824695,114.00950298159387,0.034994048828837346
Womens,Conversion,LinearDML,0.0036290363811943313,0.001816590764484901,0.005441481997903761,8.694237489433821e-05,Yes,0.0063937948744824695,56.758723925876254,0.00362489123341886
Womens,Conversion,CausalForestDML,0.0036383270672986747,-0.013147389523261301,0.020424043657858645,0.0,Yes,0.0063937948744824695,56.904031779611486,0.03357143318111995
Mens,Spend,LinearDML,0.8238526787487119,0.4999566831273313,1.1477486743700924,6.186290767375847e-07,Yes,0.7289099103820555,113.0253090285043,0.6477919912427611
Mens,Spend,CausalForestDML,0.841911678375643,0.0,0.0,0.0,Yes,0.7289099103820555,115.5028442313753,0.0
Womens,Spend,LinearDML,0.4985595355542312,0.20835107509896733,0.7887679960094951,0.0007596520038009053,Yes,0.7289099103820555,68.39796365135344,0.5804169209105278
Womens,Spend,CausalForestDML,0.5012719308850287,0.0,0.0,0.0,Yes,0.7289099103820555,68.77008032752482,0.0
